<Objects>
  <Object>
    <Token>[BREADCRUMB]</Token>
    <Settings>
      <Setting>
        <Name>Separator</Name>
        <Value><![CDATA[&nbsp;&raquo;&nbsp;]]></Value>
      </Setting>
      <Setting>
        <Name>RootLevel</Name>
        <Value>0</Value>
      </Setting>
    </Settings>
  </Object>
  <Object>
    <Token>[MENU]</Token>
    <Settings>
      <Setting>
        <Name>display</Name>
        <Value>vertical</Value>
      </Setting>
    </Settings>
  </Object>
</Objects>
